<?xml version="1.0" encoding="utf-8"?>
<includes>
    <include name="LanguageFlags">
        <control type="image">
            <width>28</width>
            <height>28</height>
            <aspectratio>keep</aspectratio>
            <texture>$INFO[Window(movieinformation).Property(AudioLanguage.1),flags/language/,.png]</texture>
            <visible>!IsEmpty(Window(movieinformation).Property(AudioLanguage.1))</visible>
        </control>
        <control type="image">
            <width>28</width>
            <height>28</height>
            <aspectratio>keep</aspectratio>
            <texture>$INFO[Window(movieinformation).Property(AudioLanguage.2),flags/language/,.png]</texture>
            <visible>!IsEmpty(Window(movieinformation).Property(AudioLanguage.2))</visible>
            <visible>!Stringcompare(Window(movieinformation).Property(AudioLanguage.1),Window(movieinformation).Property(AudioLanguage.2))</visible>
        </control>
        <control type="image">
            <width>28</width>
            <height>28</height>
            <aspectratio>keep</aspectratio>
            <texture>$INFO[Window(movieinformation).Property(AudioLanguage.3),flags/language/,.png]</texture>
            <visible>!IsEmpty(Window(movieinformation).Property(AudioLanguage.3))</visible>
            <visible>!Stringcompare(Window(movieinformation).Property(AudioLanguage.1),Window(movieinformation).Property(AudioLanguage.3))</visible>
            <visible>!Stringcompare(Window(movieinformation).Property(AudioLanguage.2),Window(movieinformation).Property(AudioLanguage.3))</visible>
        </control>
        <control type="image">
            <width>28</width>
            <height>28</height>
            <aspectratio>keep</aspectratio>
            <texture>$INFO[Window(movieinformation).Property(AudioLanguage.4),flags/language/,.png]</texture>
            <visible>!IsEmpty(Window(movieinformation).Property(AudioLanguage.4))</visible>
            <visible>!Stringcompare(Window(movieinformation).Property(AudioLanguage.1),Window(movieinformation).Property(AudioLanguage.4))</visible>
            <visible>!Stringcompare(Window(movieinformation).Property(AudioLanguage.2),Window(movieinformation).Property(AudioLanguage.4))</visible>
            <visible>!Stringcompare(Window(movieinformation).Property(AudioLanguage.3),Window(movieinformation).Property(AudioLanguage.4))</visible>
        </control>
        <control type="image">
            <width>28</width>
            <height>28</height>
            <aspectratio>keep</aspectratio>
            <texture>$INFO[Window(movieinformation).Property(AudioLanguage.5),flags/language/,.png]</texture>
            <visible>!IsEmpty(Window(movieinformation).Property(AudioLanguage.5))</visible>
            <visible>!Stringcompare(Window(movieinformation).Property(AudioLanguage.1),Window(movieinformation).Property(AudioLanguage.5))</visible>
            <visible>!Stringcompare(Window(movieinformation).Property(AudioLanguage.2),Window(movieinformation).Property(AudioLanguage.5))</visible>
            <visible>!Stringcompare(Window(movieinformation).Property(AudioLanguage.3),Window(movieinformation).Property(AudioLanguage.5))</visible>
            <visible>!Stringcompare(Window(movieinformation).Property(AudioLanguage.4),Window(movieinformation).Property(AudioLanguage.5))</visible>
        </control>
        <control type="image">
            <width>28</width>
            <height>28</height>
            <aspectratio>keep</aspectratio>
            <texture>$INFO[Window(movieinformation).Property(AudioLanguage.6),flags/language/,.png]</texture>
            <visible>!IsEmpty(Window(movieinformation).Property(AudioLanguage.6))</visible>
            <visible>!Stringcompare(Window(movieinformation).Property(AudioLanguage.1),Window(movieinformation).Property(AudioLanguage.6))</visible>
            <visible>!Stringcompare(Window(movieinformation).Property(AudioLanguage.2),Window(movieinformation).Property(AudioLanguage.6))</visible>
            <visible>!Stringcompare(Window(movieinformation).Property(AudioLanguage.3),Window(movieinformation).Property(AudioLanguage.6))</visible>
            <visible>!Stringcompare(Window(movieinformation).Property(AudioLanguage.4),Window(movieinformation).Property(AudioLanguage.6))</visible>
            <visible>!Stringcompare(Window(movieinformation).Property(AudioLanguage.5),Window(movieinformation).Property(AudioLanguage.6))</visible>
        </control>
        <control type="image">
            <width>28</width>
            <height>28</height>
            <aspectratio>keep</aspectratio>
            <texture>$INFO[Window(movieinformation).Property(AudioLanguage.7),flags/language/,.png]</texture>
            <visible>!IsEmpty(Window(movieinformation).Property(AudioLanguage.7))</visible>
        </control>
        <control type="image">
            <width>28</width>
            <height>28</height>
            <aspectratio>keep</aspectratio>
            <texture>$INFO[Window(movieinformation).Property(AudioLanguage.8),flags/language/,.png]</texture>
            <visible>!IsEmpty(Window(movieinformation).Property(AudioLanguage.8))</visible>
        </control>
        <control type="image">
            <width>28</width>
            <height>28</height>
            <aspectratio>keep</aspectratio>
            <texture>$INFO[Window(movieinformation).Property(AudioLanguage.9),flags/language/,.png]</texture>
            <visible>!IsEmpty(Window(movieinformation).Property(AudioLanguage.9))</visible>
        </control>
        <control type="image">
            <width>28</width>
            <height>28</height>
            <aspectratio>keep</aspectratio>
            <texture>$INFO[Window(movieinformation).Property(AudioLanguage.10),flags/language/,.png]</texture>
            <visible>!IsEmpty(Window(movieinformation).Property(AudioLanguage.10))</visible>
        </control>
        <control type="image">
            <width>28</width>
            <height>28</height>
            <aspectratio>keep</aspectratio>
            <texture>$INFO[Window(movieinformation).Property(AudioLanguage.11),flags/language/,.png]</texture>
            <visible>!IsEmpty(Window(movieinformation).Property(AudioLanguage.11))</visible>
        </control>
        <control type="image">
            <width>28</width>
            <height>28</height>
            <aspectratio>keep</aspectratio>
            <texture>$INFO[Window(movieinformation).Property(AudioLanguage.12),flags/language/,.png]</texture>
            <visible>!IsEmpty(Window(movieinformation).Property(AudioLanguage.12))</visible>
        </control>
    </include>
    <include name="SubtitleFlags">
        <control type="image">
            <width>28</width>
            <height>28</height>
            <aspectratio>keep</aspectratio>
            <texture>$INFO[Window(movieinformation).Property(SubtitleLanguage.1),flags/language/,.png]</texture>
            <visible>!IsEmpty(Window(movieinformation).Property(SubtitleLanguage.1))</visible>
        </control>
        <control type="image">
            <width>28</width>
            <height>28</height>
            <aspectratio>keep</aspectratio>
            <texture>$INFO[Window(movieinformation).Property(SubtitleLanguage.2),flags/language/,.png]</texture>
            <visible>!IsEmpty(Window(movieinformation).Property(SubtitleLanguage.2))</visible>
            <visible>!Stringcompare(Window(movieinformation).Property(SubtitleLanguage.1),Window(movieinformation).Property(SubtitleLanguage.2))</visible>
        </control>
        <control type="image">
            <width>28</width>
            <height>28</height>
            <aspectratio>keep</aspectratio>
            <texture>$INFO[Window(movieinformation).Property(SubtitleLanguage.3),flags/language/,.png]</texture>
            <visible>!IsEmpty(Window(movieinformation).Property(SubtitleLanguage.3))</visible>
            <visible>!Stringcompare(Window(movieinformation).Property(SubtitleLanguage.1),Window(movieinformation).Property(SubtitleLanguage.3))</visible>
            <visible>!Stringcompare(Window(movieinformation).Property(SubtitleLanguage.2),Window(movieinformation).Property(SubtitleLanguage.3))</visible>
        </control>
        <control type="image">
            <width>28</width>
            <height>28</height>
            <aspectratio>keep</aspectratio>
            <texture>$INFO[Window(movieinformation).Property(SubtitleLanguage.4),flags/language/,.png]</texture>
            <visible>!IsEmpty(Window(movieinformation).Property(SubtitleLanguage.4))</visible>
            <visible>!Stringcompare(Window(movieinformation).Property(SubtitleLanguage.1),Window(movieinformation).Property(SubtitleLanguage.4))</visible>
            <visible>!Stringcompare(Window(movieinformation).Property(SubtitleLanguage.2),Window(movieinformation).Property(SubtitleLanguage.4))</visible>
            <visible>!Stringcompare(Window(movieinformation).Property(SubtitleLanguage.3),Window(movieinformation).Property(SubtitleLanguage.4))</visible>
        </control>
        <control type="image">
            <width>28</width>
            <height>28</height>
            <aspectratio>keep</aspectratio>
            <texture>$INFO[Window(movieinformation).Property(SubtitleLanguage.5),flags/language/,.png]</texture>
            <visible>!IsEmpty(Window(movieinformation).Property(SubtitleLanguage.5))</visible>
            <visible>!Stringcompare(Window(movieinformation).Property(SubtitleLanguage.1),Window(movieinformation).Property(SubtitleLanguage.5))</visible>
            <visible>!Stringcompare(Window(movieinformation).Property(SubtitleLanguage.2),Window(movieinformation).Property(SubtitleLanguage.5))</visible>
            <visible>!Stringcompare(Window(movieinformation).Property(SubtitleLanguage.3),Window(movieinformation).Property(SubtitleLanguage.5))</visible>
            <visible>!Stringcompare(Window(movieinformation).Property(SubtitleLanguage.4),Window(movieinformation).Property(SubtitleLanguage.5))</visible>
        </control>
        <control type="image">
            <width>28</width>
            <height>28</height>
            <aspectratio>keep</aspectratio>
            <texture>$INFO[Window(movieinformation).Property(SubtitleLanguage.6),flags/language/,.png]</texture>
            <visible>!IsEmpty(Window(movieinformation).Property(SubtitleLanguage.6))</visible>
            <visible>!Stringcompare(Window(movieinformation).Property(SubtitleLanguage.1),Window(movieinformation).Property(SubtitleLanguage.6))</visible>
            <visible>!Stringcompare(Window(movieinformation).Property(SubtitleLanguage.2),Window(movieinformation).Property(SubtitleLanguage.6))</visible>
            <visible>!Stringcompare(Window(movieinformation).Property(SubtitleLanguage.3),Window(movieinformation).Property(SubtitleLanguage.6))</visible>
            <visible>!Stringcompare(Window(movieinformation).Property(SubtitleLanguage.4),Window(movieinformation).Property(SubtitleLanguage.6))</visible>
            <visible>!Stringcompare(Window(movieinformation).Property(SubtitleLanguage.5),Window(movieinformation).Property(SubtitleLanguage.6))</visible>
        </control>
        <control type="image">
            <width>28</width>
            <height>28</height>
            <texture>$INFO[Window(movieinformation).Property(SubtitleLanguage.7),flags/language/,.png]</texture>
            <aspectratio>keep</aspectratio>
            <visible>!IsEmpty(Window(movieinformation).Property(SubtitleLanguage.7))</visible>
        </control>
        <control type="image">
            <width>28</width>
            <height>28</height>
            <aspectratio>keep</aspectratio>
            <texture>$INFO[Window(movieinformation).Property(SubtitleLanguage.8),flags/language/,.png]</texture>
            <visible>!IsEmpty(Window(movieinformation).Property(SubtitleLanguage.8))</visible>
        </control>
        <control type="image">
            <width>28</width>
            <height>28</height>
            <aspectratio>keep</aspectratio>
            <texture>$INFO[Window(movieinformation).Property(SubtitleLanguage.9),flags/language/,.png]</texture>
            <visible>!IsEmpty(Window(movieinformation).Property(SubtitleLanguage.9))</visible>
        </control>
        <control type="image">
            <width>28</width>
            <height>28</height>
            <aspectratio>keep</aspectratio>
            <texture>$INFO[Window(movieinformation).Property(SubtitleLanguage.10),flags/language/,.png]</texture>
            <visible>!IsEmpty(Window(movieinformation).Property(SubtitleLanguage.10))</visible>
        </control>
        <control type="image">
            <width>28</width>
            <height>28</height>
            <aspectratio>keep</aspectratio>
            <texture>$INFO[Window(movieinformation).Property(SubtitleLanguage.11),flags/language/,.png]</texture>
            <visible>!IsEmpty(Window(movieinformation).Property(SubtitleLanguage.11))</visible>
        </control>
        <control type="image">
            <width>28</width>
            <height>28</height>
            <aspectratio>keep</aspectratio>
            <texture>$INFO[Window(movieinformation).Property(SubtitleLanguage.12),flags/language/,.png]</texture>
            <visible>!IsEmpty(Window(movieinformation).Property(SubtitleLanguage.12))</visible>
        </control>
    </include>
    <include name="OSDFlagVars">
        <width>150</width>
        <height>64</height>
        <aspectratio>keep</aspectratio>
        <fadetime>IconCrossfadeTime2</fadetime>
        <colordiffuse>white2</colordiffuse>
        <animation effect="fade" time="200">VisibleChange</animation>
    </include>
    <include name="WidgetFlagVars">
        <height>64</height>
        <width>160</width>
        <aspectratio>keep</aspectratio>
        <fadetime>IconCrossfadeTime2</fadetime>
        <colordiffuse>white2</colordiffuse>
        <animation effect="fade" time="200">VisibleChange</animation>
    </include>
    <include name="Furniture_FlagUpright">
        <width>2</width>
        <height>71</height>
        <texture>views/tripanel/upright.png</texture>
        <colordiffuse>$VAR[ColorDiffuseVar]</colordiffuse>
    </include>
    <include name="AudioFlagsVars">
        <width>135</width>
        <height>64</height>
        <aspectratio>keep</aspectratio>
        <fadetime>IconCrossfadeTime2</fadetime>
        <colordiffuse>floor</colordiffuse>
        <animation effect="fade" time="200">VisibleChange</animation>
    </include>
    <include name="FloorFlags">
        <control type="group">
            <include>Animation_FlagSlideDown</include>
            <visible>Control.IsVisible(550) | Control.IsVisible(508) | [Control.IsVisible(503) + !Skin.HasSetting(landscapeonelogo)]  | Control.IsVisible(501) | Control.IsVisible(500) | Control.IsVisible(512) | Control.IsVisible(516)</visible>
            <visible>![SubString(Container.FolderPath,addons://) | SubString(Container.FolderPath,plugin.video)]</visible>
            <top>1000</top>
            <control type="group">
                <visible>!ListItem.IsFolder</visible>
                <animation effect="slide" time="560" start="0,300" end="0,0" tween="cubic">Visible</animation>
                <animation effect="slide" time="250" end="0,400" tween="cubic" easing="in">Hidden</animation>
                <control type="group">
                    <!--left part -->
                    <animation effect="slide" end="1070" condition="Control.IsVisible(516)">Conditional</animation>
                    <control type="image">
                        <!--Source logo-->
                        <left>15</left>
                        <texture>$VAR[SourceFlagVar,flags/source/,.png]</texture>
                        <include>AudioFlagsVars</include>
                        <animation effect="slide" end="64" condition="Control.IsVisible(512) | Control.IsVisible(550)">Conditional</animation>
                    </control>
                    <control type="group">
                        <!--studio logo-->
                        <left>155</left>
                        <animation effect="slide" end="109" condition="Control.IsVisible(512) | Control.IsVisible(550)">Conditional</animation>
                        <control type="image" id="76">
                            <top>-7</top>
                            <texture>$INFO[ListItem.Studio,flags/studios/,.png]</texture>
                            <width>135</width>
                            <height>82</height>
                            <aspectratio>keep</aspectratio>
                            <fadetime>IconCrossfadeTime2</fadetime>
                            <colordiffuse>floor</colordiffuse>
                            <animation effect="fade" time="200">VisibleChange</animation>
                        </control>
                        <control type="image">
                            <texture>flags/studios/default-studio.png</texture>
                            <include>AudioFlagsVars</include>
                            <visible>IsEmpty(ListItem.Studio)</visible>
                        </control>
                        <control type="label">
                            <left>-5</left>
                            <top>-4</top>
                            <width>155</width>
                            <height>70</height>
                            <align>center</align>
                            <label>$INFO[ListItem.Studio]</label>
                            <font>Font_Reg22_Caps</font>
                            <textcolor>grey</textcolor>
                            <wrapmultiline>true</wrapmultiline>
                            <visible>IsEmpty(Control.GetLabel(76))</visible>
                        </control>													
                    </control>
                    <control type="image">
                        <!--Rating logo-->
                        <left>285</left>
                        <texture fallback="flags/rating/MPAA_NR_Certificate_US.png">$VAR[RatingFlagVar,flags/rating/,.png]</texture>
                        <include>AudioFlagsVars</include>
                        <animation effect="slide" end="138" condition="Control.IsVisible(512) | Control.IsVisible(550)">Conditional</animation>
                    </control>				
                </control>
                <control type="group">
                    <!--right part -->
                    <animation effect="slide" end="-930" condition="Control.IsVisible(512) | Control.IsVisible(550)">Conditional</animation>
                    <control type="group">
                        <animation effect="slide" end="-15" condition="Control.IsVisible(12100)">Conditional</animation>
                        <control type="image">
                            <!--AspectRatio logo-->
                            <left>1498</left>
                            <texture>$INFO[ListItem.VideoAspect,flags/aspectratio/,.png]</texture>
                            <include>AudioFlagsVars</include>
                        </control>
                        <control type="image">
                            <!--Resolution logo-->
                            <left>1621</left>
                            <texture>$INFO[ListItem.VideoResolution,flags/resolution/,.png]</texture>
                            <include>AudioFlagsVars</include>
                        </control>
                        <control type="image">
                            <left>1770</left>
                            <texture>$VAR[AudioFlagVar,flags/audio/,.png]</texture>
                            <!--Audio logo-->
                            <include>AudioFlagsVars</include>
                            <animation effect="slide" end="-5" condition="Control.IsVisible(12100)">Conditional</animation>
                        </control>
                    </control>
                    <control type="grouplist" id="12100">
                        <animation effect="fade" start="100" end="85" time="0" condition="true">Conditional</animation>
                        <left>1886</left>
                        <orientation>vertical</orientation>
                        <visible>Skin.HasSetting(languageflag)</visible>
                        <control type="image">
                            <width>26</width>
                            <height>22</height>
                            <aspectratio>scale</aspectratio>
                            <texture>$INFO[Window(movieinformation).Property(AudioLanguage.1),flags/language/,.png]</texture>
                            <visible>!IsEmpty(Window(movieinformation).Property(AudioLanguage.1))</visible>
                            <include>Animation_VisibleChange200</include>
                            <fadetime>400</fadetime>
                        </control>
                        <control type="image">
                            <width>26</width>
                            <height>22</height>
                            <aspectratio>scale</aspectratio>
                            <texture>$INFO[Window(movieinformation).Property(AudioLanguage.2),flags/language/,.png]</texture>
                            <visible>!IsEmpty(Window(movieinformation).Property(AudioLanguage.2))</visible>
                            <visible>!Stringcompare(Window(movieinformation).Property(AudioLanguage.1),Window(movieinformation).Property(AudioLanguage.2))</visible>
                            <include>Animation_VisibleChange200</include>
                            <fadetime>400</fadetime>
                        </control>
                        <control type="image">
                            <width>26</width>
                            <height>22</height>
                            <aspectratio>scale</aspectratio>
                            <texture>$INFO[Window(movieinformation).Property(AudioLanguage.3),flags/language/,.png]</texture>
                            <visible>!IsEmpty(Window(movieinformation).Property(AudioLanguage.3))</visible>
                            <visible>!Stringcompare(Window(movieinformation).Property(AudioLanguage.1),Window(movieinformation).Property(AudioLanguage.3))</visible>
                            <visible>!Stringcompare(Window(movieinformation).Property(AudioLanguage.2),Window(movieinformation).Property(AudioLanguage.3))</visible>
                            <include>Animation_VisibleChange200</include>
                            <fadetime>400</fadetime>
                        </control>
                    </control>
                </control>
            </control>
            <control type="group">
                <visible>[[Container.Content(tvshows) | Container.Content(seasons)] + !IsEmpty(ListItem.TVShowTitle)]</visible>
                <animation effect="slide" time="560" start="0,300" end="0,0" tween="cubic">Visible</animation>
                <animation effect="slide" time="250" end="0,400" tween="cubic" easing="in">Hidden</animation>
                <control type="group">
                    <animation effect="slide" end="980" condition="Control.IsVisible(516)">Conditional</animation>
                    <control type="image">
                        <left>60</left>
                        <texture fallback="flags/studios/default-studio.png">$INFO[ListItem.Studio,flags/studios/,.png]</texture>
                        <width>150</width>
                        <height>84</height>
                        <top>-8</top>
                        <aspectratio>keep</aspectratio>
                        <fadetime>IconCrossfadeTime2</fadetime>
                        <colordiffuse>white2</colordiffuse>
                        <animation effect="fade" time="200">VisibleChange</animation>
                    </control>
                    <control type="group">
                        <top>-5</top>
                        <left>200</left>
                        <visible>Container.Content(tvshows)</visible>
                        <animation effect="slide" time="560" start="0,300" end="0,0" tween="cubic">Visible</animation>
                        <animation effect="slide" time="250" end="0,400" tween="cubic" easing="in">Hidden</animation>
                        <control type="label">
                            <width>135</width>
                            <height>60</height>
                            <align>center</align>
                            <label>$INFO[ListItem.Property(TotalSeasons)]</label>
                            <font>Font_Bold40</font>
                            <textcolor>floor</textcolor>
                        </control>
                        <control type="label">
                            <top>42</top>
                            <width>135</width>
                            <height>30</height>
                            <align>center</align>
                            <label>$VAR[OneOrMoreSeasonsVar]</label>
                            <font>Font_Reg19_Caps</font>
                            <textcolor>floor</textcolor>
                        </control>
                    </control>
                    <control type="group">
                        <top>-5</top>
                        <left>200</left>
                        <visible>Container.Content(seasons)</visible>
                        <animation effect="slide" time="560" start="0,300" end="0,0" tween="cubic">Visible</animation>
                        <animation effect="slide" time="250" end="0,400" tween="cubic" easing="in">Hidden</animation>
                        <control type="label">
                            <width>135</width>
                            <height>60</height>
                            <align>center</align>
                            <label>[UPPERCASE]$VAR[UnwatchedEpisodesLabelVar][/UPPERCASE]</label>
                            <font>Font_Bold40</font>
                            <textcolor>floor</textcolor>
                        </control>
                        <control type="label">
                            <top>42</top>
                            <width>135</width>
                            <height>30</height>
                            <align>center</align>
                            <label>$LOCALIZE[16101]</label>
                            <font>Font_Reg19_Caps</font>
                            <textcolor>floor</textcolor>
                        </control>
                    </control>
                    <control type="group">
                        <top>-5</top>
                        <animation effect="slide" time="560" start="0,300" end="0,0" tween="cubic">Visible</animation>
                        <animation effect="slide" time="250" end="0,400" tween="cubic" easing="in">Hidden</animation>
                        <left>340</left>
                        <control type="label">
                            <width>135</width>
                            <height>60</height>
                            <align>center</align>
                            <label>$INFO[ListItem.Property(TotalEpisodes)]</label>
                            <font>Font_Bold40</font>
                            <textcolor>floor</textcolor>
                        </control>
                        <control type="label">
                            <top>42</top>
                            <width>135</width>
                            <height>30</height>
                            <align>center</align>
                            <label>$VAR[OneOrMoreEpisodesVar]</label>
                            <font>Font_Reg19_Caps</font>
                            <textcolor>floor</textcolor>
                        </control>
                    </control>
				</control>
                <control type="group">
                    <visible>Container.Content(tvshows) | Container.Content(seasons)</visible>
                    <animation effect="slide" end="-975" condition="Control.IsVisible(512) | Control.IsVisible(550)">Conditional</animation>
                    <control type="image">
                        <left>1600</left>
                        <texture>flags/IMDB.png</texture>
                        <include>AudioFlagsVars</include>
						<visible>!Container.Content(seasons)</visible>
                    </control>
                    <control type="label">
                        <left>1600</left>
                        <top>21</top>
                        <width>135</width>
                        <height>38</height>
                        <align>center</align>
                        <label fallback="?">$INFO[ListItem.Rating]</label>
                        <font>Font_Bold40</font>
                        <textcolor>floor</textcolor>
						<visible>!Container.Content(seasons)</visible>
                    </control>
					<control type="group">
					<animation effect="slide" end="150" condition="Container.Content(seasons)">Conditional</animation>
                    <control type="label">
						<top>-10</top>					
                        <left>1438</left>
                        <width>155</width>
                        <height>38</height>
                        <align>center</align>
                        <label>$INFO[Window(Home).Property(NextAired.Status)]</label>
                        <font>Font_Reg19_Caps</font>
                        <textcolor>floor</textcolor>
                    </control>					
                    <control type="image">
                        <left>1450</left>
                        <include>AudioFlagsVars</include>
                       <texture>tvguide/$INFO[Window(Home).Property(NextAired.StatusID)].png</texture>
                        <colordiffuse>floor</colordiffuse>
                    </control>
					</control>
                    <control type="image">
                        <left>1745</left>
                        <texture fallback="flags/rating/MPAA_NR_Certificate_US.png">$VAR[RatingFlagVar,flags/rating/,.png]</texture>
                        <include>AudioFlagsVars</include>
                        <animation effect="slide" time="560" start="0,300" end="0,0" tween="cubic">Visible</animation>
                        <animation effect="slide" time="250" end="0,400" tween="cubic" easing="in">Hidden</animation>
                    </control>
                </control>
            </control>
            <control type="group">
                <visible>Control.IsVisible(512) | Control.IsVisible(550)</visible>
                <animation effect="slide" time="560" start="0,300" end="0,0" tween="cubic">Visible</animation>
                <animation effect="slide" time="250" end="0,400" tween="cubic" easing="in">Hidden</animation>
                <control type="label">
                    <left>1010</left>
                    <top>7</top>
                    <width>890</width>
                    <height>20</height>
                    <align>right</align>
                    <label>$VAR[InfoWallBottomLabel1Var]</label>
                    <font>Font_Reg30_2</font>
                    <visible>![ListItem.IsFolder + Container.Content(movies)]</visible>
                    <animation effect="slide" time="560" start="0,300" end="0,0" tween="cubic">Visible</animation>
                    <textcolor>floor</textcolor>
                    <scroll>true</scroll>
                </control>
                <control type="label">
                    <left>1210</left>
                    <top>40</top>
                    <width>690</width>
                    <height>20</height>
                    <align>right</align>
                    <label>$VAR[InfoWallBottomLabel2Var]</label>
                    <font>Font_Reg30_2</font>
                    <textcolor>floor</textcolor>
                </control>
            </control>
        </control>
        <control type="group">
            <include>Animation_FlagSlideDown</include>
            <visible>Control.IsVisible(511) | Control.IsVisible(50) | Control.IsVisible(514)</visible>
            <visible>Control.IsVisible(9900) + ![SubString(Container.FolderPath,addons://) | SubString(Container.FolderPath,plugin.video)]</visible>
            <animation effect="slide" end="-1220" condition="Control.IsVisible(514)">Conditional</animation>
            <animation effect="slide" end="0,-30" time="240" tween="cubic" easing="inout" condition="Control.IsVisible(50)">Conditional</animation>
            <animation effect="slide" end="-50,0" time="240" tween="cubic" easing="inout" condition="Control.IsVisible(50) + !Skin.HasSetting(slimlist)">Conditional</animation>
            <top>1004</top>
            <control type="image">
                <left>1255</left>
                <top>-9</top>
                <texture>$INFO[ListItem.Studio,flags/studios/,.png]</texture>
                <width>150</width>
                <height>84</height>
                <aspectratio>keep</aspectratio>
                <fadetime>IconCrossfadeTime2</fadetime>
                <colordiffuse>white2</colordiffuse>
                <animation effect="fade" time="200">VisibleChange</animation>
                <visible>!IsEmpty(ListItem.Thumb)</visible>
                <visible>![Control.IsVisible(50) + !Skin.HasSetting(slimlist)]</visible>
                <visible>Container.Content(tvshows) | [Container.Content(seasons) + ListItem.IsFolder]</visible>
            </control>
            <control type="image">
                <left>1425</left>
                <texture>$VAR[SourceFlagVar,flags/source/,.png]</texture>
                <include>OSDFlagVars</include>
                <visible>!ListItem.IsFolder</visible>
            </control>
            <control type="image">
                <left>1275</left>
                <texture>$INFO[ListItem.VideoAspect,flags/aspectratio/,.png]</texture>
                <include>OSDFlagVars</include>
                <visible>!ListItem.IsFolder</visible>
            </control>
            <control type="image">
                <left>1575</left>
                <texture>$INFO[ListItem.VideoResolution,flags/resolution/,.png]</texture>
                <include>OSDFlagVars</include>
                <visible>!ListItem.IsFolder</visible>
            </control>
            <control type="image">
                <left>1740</left>
                <texture>$VAR[AudioFlagVar,flags/audio/,.png]</texture>
                <include>OSDFlagVars</include>
                <visible>!ListItem.IsFolder</visible>
            </control>
            <control type="group">
                <visible>Container.Content(tvshows) | [Container.Content(seasons) + !IsEmpty(ListItem.TVShowTitle)]</visible>
                <control type="image">
                    <left>1375</left>
                    <texture fallback="flags/rating/MPAA_NR_Certificate_US.png">$VAR[RatingFlagVar,flags/rating/,.png]</texture>
                    <include>OSDFlagVars</include>
                </control>
			<control type="group">	
				<control type="label">
					<top>-10</top>	
					<left>1497</left>									
					<width>155</width>
					<height>38</height>
					<align>center</align>
					<label>$INFO[Window(Home).Property(NextAired.Status)]</label>
					<font>Font_Reg19_Caps</font>
					<textcolor>floor</textcolor>
				</control>	                
				<control type="image">
                    <left>1500</left>
                    <include>OSDFlagVars</include>
                    <texture background="true">tvguide/$INFO[Window(Home).Property(NextAired.StatusID)].png</texture>
                </control>
			</control>	
                <control type="group">
                    <left>340r</left>
                    <control type="label">
                        <top>0</top>
                        <width>330</width>
                        <height>90</height>
                        <align>right</align>
                        <font>Font_Reg22</font>
                        <label>[B]$VAR[LastEpisodeVar][/B] :$LOCALIZE[210]</label>
                    </control>
                    <control type="label">
                        <top>-27</top>
                        <width>330</width>
                        <height>90</height>
                        <align>right</align>
                        <font>Font_Reg22</font>
                        <label>[B]$VAR[NextEpisodeVar][/B] :$LOCALIZE[209] </label>
                    </control>
                </control>
            </control>
        </control>
        
    </include>
    <include name="MusicMediaFlags">
        <control type="group">
            <top>988</top>
            <visible>!Control.IsVisible(506) + !Control.IsVisible(518)</visible>
            <include>Animation_FlagSlideDown</include>
            <control type="group">
                <visible>Container.Content(artists) + !IsEmpty(ListItem.DBID)</visible>
                <visible>skin.hassetting(backendmode)</visible>
                <animation effect="slide" time="560" start="0,300" end="0,0" tween="cubic">Visible</animation>
                <animation effect="slide" time="250" end="0,400" tween="cubic" easing="in">Hidden</animation>
                                    <animation effect="slide" end="30,-20" time="0" condition="Control.IsVisible(53) | Control.IsVisible(50)">Conditional</animation>
                <control type="group">
                                    <animation effect="slide" end="1190" time="0" condition="Control.IsVisible(53) | Control.IsVisible(50) | Control.IsVisible(57)">Conditional</animation>
                <control type="group">
                    <!--totals-->
                    <left>150</left>
                    <control type="label">
                        <width>135</width>
                        <height>60</height>
                        <align>center</align>
                        <label>$INFO[Window(home).Property(Artist.Albums.Count)]</label>
                        <font>Font_Bold40</font>
                        <textcolor>floor</textcolor>
                    </control>
                    <control type="label">
                        <top>42</top>
                        <width>135</width>
                        <height>30</height>
                        <align>center</align>
                        <label>$LOCALIZE[132]</label>
                        <font>Font_Reg19_Caps</font>
                        <textcolor>floor</textcolor>
                    </control>
                </control>
                <control type="group">
                    <!--playcount-->
                    <left>15</left>
                    <visible>!Control.IsVisible(53)</visible>
                    <control type="label">
                        <width>135</width>
                        <height>60</height>
                        <align>center</align>
                        <label>$INFO[Window(home).Property(Artist.Albums.Playcount)]</label>
                        <font>Font_Bold40</font>
                        <textcolor>floor</textcolor>
                    </control>
                    <control type="label">
                        <top>42</top>
                        <width>135</width>
                        <height>30</height>
                        <align>center</align>
                        <label>567</label>
                        <font>Font_Reg19_Caps</font>
                        <textcolor>floor</textcolor>
                    </control>
                </control>
                </control>

                <control type="group">
                    <!--artist newest/oldest-->
                    <left>1500</left>
                    <animation effect="slide" end="-1190" time="0" condition="Control.IsVisible(512) | Control.IsVisible(514)">Conditional</animation>
                    <animation effect="slide" time="560" start="0,300" end="0,0" tween="cubic">Visible</animation>
                    <animation effect="slide" time="250" end="0,400" tween="cubic" easing="in">Hidden</animation>
                    <control type="label">
                        <left>200</left>
                        <width>135</width>
                        <height>60</height>
                        <align>center</align>
                        <label>$INFO[Window(home).Property(Artist.Albums.Newest)]</label>
                        <font>Font_Bold40</font>
                        <textcolor>floor</textcolor>
                    </control>
                    <control type="label">
                        <left>200</left>
                        <top>42</top>
                        <width>135</width>
                        <height>30</height>
                        <align>center</align>
                        <label>31224</label>
                        <font>Font_Reg19_Caps</font>
                        <textcolor>floor</textcolor>
                    </control>
                    <control type="label">
                        <width>135</width>
                        <height>60</height>
                        <align>center</align>
                        <label>$INFO[Window(home).Property(Artist.Albums.Oldest)]</label>
                        <font>Font_Bold40</font>
                        <textcolor>floor</textcolor>
                    </control>
                    <control type="label">
                        <top>42</top>
                        <width>135</width>
                        <height>30</height>
                        <align>center</align>
                        <label>31225</label>
                        <font>Font_Reg19_Caps</font>
                        <textcolor>floor</textcolor>
                    </control>
                </control>
            </control>
            <control type="group">
                <visible>Container.Content(albums) + !IsEmpty(ListItem.DBID)</visible>
                <animation effect="slide" time="560" start="0,300" end="0,0" tween="cubic">Visible</animation>
                <animation effect="slide" time="250" end="0,400" tween="cubic" easing="in">Hidden</animation>
                <animation effect="slide" end="5,-30" time="0" condition="Control.IsVisible(50)">Conditional</animation>
                <!-- Rating -->
                <control type="group">
                                    <animation effect="slide" end="1210,0" time="0" condition="Control.IsVisible(53) | Control.IsVisible(50) | Control.IsVisible(57)">Conditional</animation>
                <control type="image">
                    <left>0</left>
                    <width>135</width>
                    <height>88</height>
                    <texture fallback="flags/music/rating/rating0.png">$INFO[ListItem.StarRating,flags/music/rating/]</texture>
                    <fadetime>IconCrossfadeTime2</fadetime>
                    <colordiffuse>floor</colordiffuse>
                </control>
                <control type="image">
                    <left>130</left>
                    <top>12</top>
                    <texture>$INFO[Window(home).Property(Album.Song.1.FileExtension),flags/audio/,.png]</texture>
                    <include>AudioFlagsVars</include>
                </control>
                <control type="group">
                    <!-- Year -->
                    <left>285</left>
                    <visible>!Control.IsVisible(50) + !Control.IsVisible(53)</visible>
                    <control type="label">
                        <width>135</width>
                        <height>65</height>
                        <align>center</align>
                        <label fallback="N / A">$INFO[ListItem.Year]</label>
                        <font>Font_Bold40</font>
                        <textcolor>floor</textcolor>
                    </control>
                    <control type="label">
                        <top>42</top>
                        <width>135</width>
                        <height>35</height>
                        <align>center</align>
                        <label>$LOCALIZE[345]</label>
                        <font>Font_Reg19_Caps</font>
                        <textcolor>floor</textcolor>
                    </control>
                </control>
                </control>
                <control type="group">
				<animation effect="slide" end="-1000,0" time="0" condition="Control.IsVisible(514)">Conditional</animation>
               <!-- Label -->
                <control type="group">
                    <left>1500</left>
                    <top>11</top>
                    <visible>!Control.IsVisible(57)</visible>
                    <control type="image" id="76">
                        <texture>$INFO[ListItem.Property(Album_Label),flags/music/recordlabel/,.png]</texture>
                        <include>AudioFlagsVars</include>
                    </control>
                    <control type="image">
                        <texture>flags/studios/default-studio.png</texture>
                        <include>AudioFlagsVars</include>
                        <visible>IsEmpty(ListItem.Property(Album_Label))</visible>
                    </control>
                    <control type="label">
                        <left>-5</left>
                        <top>0</top>
                        <width>155</width>
                        <height>70</height>
                        <align>center</align>
                        <label>$INFO[ListItem.Property(Album_Label)]</label>
                        <font>Font_Reg22_Caps</font>
                        <textcolor>grey</textcolor>
                        <wrapmultiline>true</wrapmultiline>
                        <visible>IsEmpty(Control.GetLabel(76))</visible>
                    </control>
                </control>
                <control type="group">
                    <!--totals-->
                    <left>1630</left>
                    <control type="label">
                        <width>135</width>
                        <height>65</height>
                        <align>center</align>
                        <label>$INFO[Window(home).Property(Album.Songs.Count)]</label>
                        <font>Font_Bold40</font>
                        <textcolor>floor</textcolor>
                    </control>
                    <control type="label">
                        <top>42</top>
                        <width>135</width>
                        <height>35</height>
                        <align>center</align>
                        <label>$LOCALIZE[134]</label>
                        <font>Font_Reg19_Caps</font>
                        <textcolor>floor</textcolor>
                    </control>
                </control>
            <control type="group">
                <!-- Genre -->
                <include>Animation_VisibleChange200</include>
                <control type="image">
                    <left>1795</left>
                    <width>175</width>
                    <height>88</height>
                    <texture>flags/music/genre/genre.png</texture>
                    <colordiffuse>floor</colordiffuse>
                    <animation effect="fade" start="100" end="30" time="40" condition="true">Conditional</animation>
                </control>
                <control type="label">
                    <left>1768</left>
                    <top>0</top>
                    <width>135</width>
                    <height>88</height>
                    <aligny>center</aligny>
                    <align>center</align>
                    <wrapmultiline>true</wrapmultiline>
                    <label fallback="N / A">$INFO[ListItem.Genre]</label>
                    <font>Font_Reg19_Caps</font>
                    <textcolor>floor</textcolor>
                </control>
            </control>
            </control>
            </control>
            <control type="group">
                <visible>Container.Content(songs)</visible>
                <animation effect="slide" time="560" start="0,300" end="0,0" tween="cubic">Visible</animation>
                <animation effect="slide" time="250" end="0,400" tween="cubic" easing="in">Hidden</animation>
                <control type="group">
                    <!--playcount-->
                    <left>15</left>
                    <control type="label">
                        <width>135</width>
                        <height>60</height>
                        <align>center</align>
                        <label>$INFO[ListItem.Duration]</label>
                        <font>Font_Bold40</font>
                        <textcolor>floor</textcolor>
                    </control>
                    <control type="label">
                        <top>42</top>
                        <width>135</width>
                        <height>30</height>
                        <align>center</align>
                        <label>567</label>
                        <font>Font_Reg19_Caps</font>
                        <textcolor>floor</textcolor>
                    </control>
                </control>
                <!-- Rating -->
                <control type="image">
                    <left>120</left>
                    <width>135</width>
                    <height>88</height>
                    <texture fallback="flags/music/rating/rating0.png">$INFO[ListItem.StarRating,flags/music/rating/]</texture>
                    <fadetime>IconCrossfadeTime2</fadetime>
                    <colordiffuse>floor</colordiffuse>
                </control>
                <control type="group">
                    <!-- Year -->
                    <include>Animation_VisibleChange200</include>
                    <visible>!IsEmpty(ListItem.Year)</visible>
                    <control type="image">
                        <left>285</left>
                        <width>135</width>
                        <height>88</height>
                        <texture>flags/music/year/year.png</texture>
                        <colordiffuse>floor</colordiffuse>
                    </control>
                    <control type="label">
                        <left>285</left>
                        <width>135</width>
                        <height>83</height>
                        <align>center</align>
                        <aligny>center</aligny>
                        <label>$INFO[ListItem.Year]</label>
                        <font>Font_Reg35</font>
                        <textcolor>floor</textcolor>
                    </control>
                </control>
                <!-- Codec -->
                <control type="image">
                    <left>1500</left>
                    <top>10</top>
                    <texture>$INFO[ListItem.FileExtension,flags/audio/,.png]</texture>
                    <include>AudioFlagsVars</include>
                    <visible>Container.Content(Songs)</visible>
					<animation effect="slide" end="-1000,0" time="0" condition="Control.IsVisible(514)">Conditional</animation>
                </control>
            <control type="group">
			<animation effect="slide" end="-1000,0" time="0" condition="Control.IsVisible(514)">Conditional</animation>
                <!-- Genre -->
                <visible>!IsEmpty(ListItem.Genre)</visible>
                <include>Animation_VisibleChange200</include>
                <control type="image">
                    <left>1795</left>
                    <width>175</width>
                    <height>88</height>
                    <texture>flags/music/genre/genre.png</texture>
                    <colordiffuse>floor</colordiffuse>
                    <animation effect="fade" start="100" end="30" time="40" condition="true">Conditional</animation>
                </control>
                <control type="label">
                    <left>1768</left>
                    <top>0</top>
                    <width>135</width>
                    <height>88</height>
                    <aligny>center</aligny>
                    <align>center</align>
                    <wrapmultiline>true</wrapmultiline>
                    <label>$INFO[ListItem.Genre]</label>
                    <font>Font_Reg19_Caps</font>
                    <textcolor>floor</textcolor>
                </control>
            </control>
            </control>
        </control>
    </include>
    <include name="Posters_Furniture">
        <control type="group">
            <top>1005</top>
            <visible>[Control.IsVisible(57) | Control.IsVisible(510) | Control.IsVisible(52)] + !Container.Content(files)</visible>
            <visible>!Stringcompare(ListItem.Label,..)</visible>
            <animation effect="slide" end="-0,-15" condition="Control.IsVisible(52)">Conditional</animation>
            <include>Animation_FlagSlideDown</include>
			<control type="group">
				<visible>Control.IsVisible(52)</visible>
                <animation effect="slide" time="560" start="0,300" end="0,0" tween="cubic">Visible</animation>
                <animation effect="slide" time="250" end="0,400" tween="cubic" easing="in">Hidden</animation>
                <control type="label">
                    <left>50</left>
                    <top>7</top>
                    <width>1360</width>
                    <height>20</height>
                    <align>left</align>
                    <label>$VAR[InfoWallBottomLabel1Var]</label>
                    <font>Font_Reg30_2</font>
                    <visible>![ListItem.IsFolder + Container.Content(movies)]</visible>
                    <animation effect="slide" time="560" start="0,300" end="0,0" tween="cubic">Visible</animation>
                    <textcolor>floor</textcolor>
                    <scroll>true</scroll>
                </control>
                <control type="label">
                    <left>50</left>
                    <top>40</top>
                    <width>690</width>
                    <height>20</height>
                    <align>left</align>
                    <label>$VAR[InfoWallBottomLabel2Var]</label>
                    <font>Font_Reg30_2</font>
                    <textcolor>floor</textcolor>
                </control>
			</control>				
            <control type="group">
                <visible>!ListItem.IsFolder</visible>
                <animation effect="slide" time="560" start="0,300" end="0,0" tween="cubic">Visible</animation>
                <animation effect="slide" time="250" end="0,400" tween="cubic" easing="in">Hidden</animation>
                <control type="group">
                    <visible>!IsEmpty(ListItem.Rating)</visible>
                    <left>1400</left>
                    <control type="image">
                        <texture>flags/IMDB.png</texture>
                        <include>AudioFlagsVars</include>
                    </control>
                    <control type="label">
                        <left>-1</left>
                        <top>20</top>
                        <width>135</width>
                        <height>38</height>
                        <align>center</align>
                        <label fallback="?">$INFO[ListItem.Rating]</label>
                        <font>Font_Bold37</font>
                        <textcolor>floor</textcolor>
                    </control>
                </control>				
                <control type="image">
                    <left>1535</left>
                    <texture>$VAR[AudioFlagVar,flags/audio/,.png]</texture>
                    <include>AudioFlagsVars</include>
                </control>
                <control type="image">
                    <left>1670</left>
                    <texture>$VAR[SourceFlagVar,flags/source/,.png]</texture>
                    <include>AudioFlagsVars</include>
                </control>
                <control type="image">
                    <left>1770</left>
                    <texture>$INFO[ListItem.VideoResolution,flags/resolution/,.png]</texture>
                    <include>AudioFlagsVars</include>
                </control>
            </control>
            <control type="grouplist">
                <orientation>horizontal</orientation>
                <align>right</align>
                <width>1910</width>
                <usecontrolcoords>true</usecontrolcoords>
                <visible>Container.Content(tvshows)</visible>
                <include>Animation_FlagSlideDown</include>
			<control type="group">
				<control type="label">
					<top>-10</top>	
					<left>-166</left>								
					<width>155</width>
					<height>38</height>
					<align>center</align>
					<label>$INFO[Window(Home).Property(NextAired.Status)]</label>
					<font>Font_Reg19_Caps</font>
					<textcolor>floor</textcolor>
				</control>	  				
                <control type="image">
					<left>-146</left>
                    <include>AudioFlagsVars</include>
                    <texture>tvguide/$INFO[Window(Home).Property(NextAired.StatusID)].png</texture>
                </control>
			</control>				
                <control type="group">
                    <width>120</width>
                    <left>-20</left>
                    <control type="image">
                        <texture>flags/IMDB.png</texture>
                        <include>AudioFlagsVars</include>
                    </control>
                    <control type="label">
                        <top>22</top>
                        <width>135</width>
                        <height>38</height>
                        <align>center</align>
                        <label fallback="?">$INFO[ListItem.Rating]</label>
                        <font>Font_Bold40</font>
                        <textcolor>floor</textcolor>
                    </control>
                </control>
                <control type="image">
                    <texture fallback="flags/rating/MPAA_NR_Certificate_US.png">$VAR[RatingFlagVar,flags/rating/,.png]</texture>
                    <include>AudioFlagsVars</include>
                </control>
                <control type="image">
                    <top>-10</top>
                    <texture fallback="flags/studios/default-studio.png">$INFO[ListItem.Studio,flags/studios/,.png]</texture>
                    <width>125</width>
                    <height>90</height>
                    <aspectratio>keep</aspectratio>
                    <fadetime>IconCrossfadeTime2</fadetime>
                    <colordiffuse>floor</colordiffuse>
                    <animation effect="fade" time="200">VisibleChange</animation>
                    <visible>!Control.IsVisible(57)</visible>
                    <visible>Container.Content(tvshows) | SubString(Container.FolderPath,plugin.video.the.trailers)</visible>
                </control>
            </control>
            <control type="label">
                <left>1890</left>
                <top>27</top>
                <width>450</width>
                <height>38</height>
                <align>right</align>
                <label>$INFO[ListItem.Label]$INFO[ListItem.Property(WatchedEpisodes), (,/]$INFO[ListItem.Property(TotalEpisodes),,)]</label>
                <font>Font_Bold40</font>
                <textcolor>floor</textcolor>
                <include>Animation_FlagSlideDown</include>
                <visible>[Container.Content(seasons) + !IsEmpty(ListItem.TVShowTitle)] + !Control.isVisible(52)</visible>
            </control>
        </control>
    </include>
</includes>